USE price_radar;

-- ========================================
-- 1. 平台数据（4条）
-- ========================================
INSERT INTO t_platform (id, name, logo_url, base_url, status, sort_order) VALUES
(1, '京东', 'https://img14.360buyimg.com/imagetools/jfs/t1/204306/21/24830/5901/6271c3d9E4e8edcc4/ad9bc0d0f4b9e23a.png', 'https://www.jd.com', 1, 1),
(2, '淘宝/天猫', 'https://img.alicdn.com/tfs/TB1_uT8a5ERMeJjSspiXXbZLFXa-143-59.png', 'https://www.taobao.com', 1, 2),
(3, '拼多多', 'https://yangkeduo.com/pdd.design/favicon.ico', 'https://www.pinduoduo.com', 1, 3),
(4, '苏宁易购', 'https://imgservice.suning.cn/uimg1/b2c/image/qJBMdqoMiIdWRUOvIHYVTg==.png', 'https://www.suning.com', 1, 4);

-- ========================================
-- 2. 分类数据（10条）
-- ========================================
INSERT INTO t_category (id, parent_id, name, level, icon, sort_order, status) VALUES
(1, 0, '手机数码', 1, 'https://via.placeholder.com/50x50?text=Phone', 1, 1),
(2, 0, '家用电器', 1, 'https://via.placeholder.com/50x50?text=Appliance', 2, 1),
(3, 0, '食品饮料', 1, 'https://via.placeholder.com/50x50?text=Food', 3, 1),
(4, 1, '智能手机', 2, 'https://via.placeholder.com/50x50?text=Smartphone', 1, 1),
(5, 1, '笔记本电脑', 2, 'https://via.placeholder.com/50x50?text=Laptop', 2, 1),
(6, 1, '平板电脑', 2, 'https://via.placeholder.com/50x50?text=Tablet', 3, 1),
(7, 2, '电视机', 2, 'https://via.placeholder.com/50x50?text=TV', 1, 1),
(8, 2, '空调', 2, 'https://via.placeholder.com/50x50?text=AirCon', 2, 1),
(9, 3, '饮料', 2, 'https://via.placeholder.com/50x50?text=Drink', 1, 1),
(10, 3, '零食', 2, 'https://via.placeholder.com/50x50?text=Snack', 2, 1);

-- ========================================
-- 3. 商品数据（22条）
-- ========================================
INSERT INTO t_product (id, barcode, name, brand, category_id, image_url, description, spec, weight, unit, status) VALUES
(1, '6901443369584', 'Apple iPhone 15 Pro Max 256GB 黑色钛金属', 'Apple', 4, '/products/1.jpg', 'A17 Pro芯片，钛金属边框，4800万像素主摄，USB-C接口，支持Action按钮', '屏幕:6.7英寸/存储:256GB/颜色:黑色钛金属', '221g', '台', 1),
(2, '6941487284030', '华为 Mate 60 Pro 512GB 雅川青', '华为', 4, '/products/2.jpg', '麒麟9000S处理器，卫星通话，一英寸传感器主摄，超强信号覆盖', '屏幕:6.82英寸/存储:512GB/颜色:雅川青', '225g', '台', 1),
(3, '6934177745836', '小米 14 Pro 256GB 白色', '小米', 4, '/products/3.jpg', '骁龙8 Gen3处理器，徕卡光学镜头，超声波指纹，澎湃OS系统', '屏幕:6.73英寸/存储:256GB/颜色:白色', '223g', '台', 1),
(4, '6942735407059', 'OPPO Find X7 Ultra 512GB 海阔天空', 'OPPO', 4, '/products/4.jpg', '天玑9300处理器，哈苏人文摄影，双潜望四摄，100W超级闪充', '屏幕:6.82英寸/存储:512GB/颜色:海阔天空', '220g', '台', 1),
(5, '6974178610028', 'vivo X100 Pro 256GB 钛色', 'vivo', 4, '/products/5.jpg', '天玑9300处理器，蔡司APO超级长焦，自研蓝晶芯片，蓝海电池', '屏幕:6.78英寸/存储:256GB/颜色:钛色', '225g', '台', 1),
(6, '6901715810025', '荣耀 Magic6 Pro 256GB 黑色', '荣耀', 4, '/products/6.jpg', '高通骁龙8 Gen3，鹰眼相机，超曲龙晶屏，5800mAh电池', '屏幕:6.8英寸/存储:256GB/颜色:黑色', '229g', '台', 1),
(7, '6922255407060', '三星 Galaxy S24 Ultra 256GB 钛黑', '三星', 4, '/products/7.jpg', '骁龙8 Gen3处理器，200MP主摄，内置S Pen，Galaxy AI功能', '屏幕:6.8英寸/存储:256GB/颜色:钛黑', '232g', '台', 1),
(8, '6971544410075', '一加 12 256GB 岩石黑', '一加', 4, '/products/8.jpg', '骁龙8 Gen3处理器，哈苏相机系统，100W有线+50W无线超级闪充', '屏幕:6.82英寸/存储:256GB/颜色:岩石黑', '220g', '台', 1),
(9, '6970374982049', '联想小新 Pro 16 2024 AMD版 16GB+512GB', '联想', 5, '/products/9.jpg', 'AMD锐龙7 8845H处理器，16英寸2.5K护眼屏，高效散热，长续航', 'CPU:R7 8845H/内存:16GB/硬盘:512GB SSD', '1.75kg', '台', 1),
(10, '6971653690012', '华为 MateBook X Pro 2024 16GB+1TB', '华为', 5, '/products/10.jpg', '英特尔酷睿Ultra7处理器，14.2英寸超视网膜屏，一碰互联，轻薄设计', 'CPU:Ultra7 155H/内存:16GB/硬盘:1TB SSD', '1.26kg', '台', 1),
(11, '6924280909528', '苹果 MacBook Air M3 15英寸 8GB+256GB 星光色', 'Apple', 5, '/products/11.jpg', 'Apple M3芯片，15.3英寸Liquid视网膜显示屏，最长18小时续航', 'CPU:M3/内存:8GB/硬盘:256GB SSD', '1.51kg', '台', 1),
(12, '6971939880019', 'ASUS 华硕 灵耀 X16 R9 16GB+512GB', '华硕', 5, '/products/12.jpg', 'AMD锐龙9 8945H处理器，16英寸3.2K OLED屏，高性能创作本', 'CPU:R9 8945H/内存:16GB/硬盘:512GB SSD', '1.69kg', '台', 1),
(13, '6902083893705', '小米平板 6 Pro 12.4英寸 8GB+256GB', '小米', 6, '/products/13.jpg', '骁龙8 Gen2处理器，12.4英寸2.8K屏，67W快充，四扬声器', '屏幕:12.4英寸/存储:8+256GB/续航:10000mAh', '590g', '台', 1),
(14, '6925281979701', '华为 MatePad Pro 13.2英寸 12GB+256GB', '华为', 6, '/products/14.jpg', '麒麟9000S处理器，13.2英寸OLED屏，磁吸键盘，多屏协同', '屏幕:13.2英寸OLED/存储:12+256GB', '583g', '台', 1),
(15, '6970374985033', '海信 65英寸 4K ULED智能电视 E8N', '海信', 7, '/products/15.jpg', 'Mini LED背光，4K超高清，VIDAA系统，杜比视界，DTS全景声', '尺寸:65英寸/分辨率:4K/系统:VIDAA', '23kg', '台', 1),
(16, '6934664400015', '小米电视 75英寸 4K全面屏 S75 MiniLED', '小米', 7, '/products/16.jpg', 'Mini LED屏，4K超高清，MIUI TV，远场语音控制，高刷新率', '尺寸:75英寸/分辨率:4K 120Hz', '35.8kg', '台', 1),
(17, '6901016008028', '格力 1.5匹 新三级能效 变频空调 KFR-35GW', '格力', 8, '/products/17.jpg', '变频压缩机，新三级能效，自清洁功能，智能WiFi控制', '制冷量:3500W/能效:三级/匹数:1.5匹', '28kg', '套', 1),
(18, '6924590502014', '美的 2匹 新一级能效 变频空调 KFR-51LW', '美的', 8, '/products/18.jpg', '变频压缩机，新一级能效，全直流变频，自清洁，智能控制', '制冷量:5100W/能效:一级/匹数:2匹', '45kg', '套', 1),
(19, '6901028170068', '农夫山泉 天然矿泉水 550ml 24瓶装', '农夫山泉', 9, '/products/19.jpg', '天然矿泉水，弱碱性，富含矿物质，适合日常饮用', '规格:550ml*24瓶/类型:天然矿泉水', '13.2kg', '箱', 1),
(20, '6923777711206', '可口可乐 零度 330ml 24罐装', '可口可乐', 9, '/products/20.jpg', '零糖零卡，经典可乐口味，清爽畅快，聚会必备', '规格:330ml*24罐/糖分:0', '8.4kg', '箱', 1),
(21, '6925303721879', '乐事 薯片 超值大礼包 640g', '乐事', 10, '/products/21.jpg', '多种口味混合装，酥脆可口，聚会零食首选', '规格:640g/口味:混合装', '640g', '袋', 1),
(22, '6924187800109', '旺旺 雪饼 礼盒装 480g', '旺旺', 10, '/products/22.jpg', '经典膨化零食，香脆可口，老少皆宜，节日礼盒装', '规格:480g/口味:原味', '480g', '盒', 1);

-- ========================================
-- 4. 商品平台映射（前10商品 x 4平台 = 40条）
-- ========================================
INSERT INTO t_product_platform (product_id, platform_id, platform_product_id, platform_url, status) VALUES
(1, 1, 'JD000000000000001', 'https://item.jd.com/000000000000001.html', 1),
(1, 2, 'TB000000000000001', 'https://detail.tmall.com/item.htm?id=000000000000001', 1),
(1, 3, 'PDD000000000000001', 'https://mobile.yangkeduo.com/goods.html?goods_id=000000000000001', 1),
(1, 4, 'SN000000000000001', 'https://product.suning.com/007/000000000000001.html', 1),
(2, 1, 'JD000000000000002', 'https://item.jd.com/000000000000002.html', 1),
(2, 2, 'TB000000000000002', 'https://detail.tmall.com/item.htm?id=000000000000002', 1),
(2, 3, 'PDD000000000000002', 'https://mobile.yangkeduo.com/goods.html?goods_id=000000000000002', 1),
(2, 4, 'SN000000000000002', 'https://product.suning.com/007/000000000000002.html', 1),
(3, 1, 'JD000000000000003', 'https://item.jd.com/000000000000003.html', 1),
(3, 2, 'TB000000000000003', 'https://detail.tmall.com/item.htm?id=000000000000003', 1),
(3, 3, 'PDD000000000000003', 'https://mobile.yangkeduo.com/goods.html?goods_id=000000000000003', 1),
(3, 4, 'SN000000000000003', 'https://product.suning.com/007/000000000000003.html', 1),
(4, 1, 'JD000000000000004', 'https://item.jd.com/000000000000004.html', 1),
(4, 2, 'TB000000000000004', 'https://detail.tmall.com/item.htm?id=000000000000004', 1),
(4, 3, 'PDD000000000000004', 'https://mobile.yangkeduo.com/goods.html?goods_id=000000000000004', 1),
(4, 4, 'SN000000000000004', 'https://product.suning.com/007/000000000000004.html', 1),
(5, 1, 'JD000000000000005', 'https://item.jd.com/000000000000005.html', 1),
(5, 2, 'TB000000000000005', 'https://detail.tmall.com/item.htm?id=000000000000005', 1),
(5, 3, 'PDD000000000000005', 'https://mobile.yangkeduo.com/goods.html?goods_id=000000000000005', 1),
(5, 4, 'SN000000000000005', 'https://product.suning.com/007/000000000000005.html', 1),
(6, 1, 'JD000000000000006', 'https://item.jd.com/000000000000006.html', 1),
(6, 2, 'TB000000000000006', 'https://detail.tmall.com/item.htm?id=000000000000006', 1),
(6, 3, 'PDD000000000000006', 'https://mobile.yangkeduo.com/goods.html?goods_id=000000000000006', 1),
(6, 4, 'SN000000000000006', 'https://product.suning.com/007/000000000000006.html', 1),
(7, 1, 'JD000000000000007', 'https://item.jd.com/000000000000007.html', 1),
(7, 2, 'TB000000000000007', 'https://detail.tmall.com/item.htm?id=000000000000007', 1),
(7, 3, 'PDD000000000000007', 'https://mobile.yangkeduo.com/goods.html?goods_id=000000000000007', 1),
(7, 4, 'SN000000000000007', 'https://product.suning.com/007/000000000000007.html', 1),
(8, 1, 'JD000000000000008', 'https://item.jd.com/000000000000008.html', 1),
(8, 2, 'TB000000000000008', 'https://detail.tmall.com/item.htm?id=000000000000008', 1),
(8, 3, 'PDD000000000000008', 'https://mobile.yangkeduo.com/goods.html?goods_id=000000000000008', 1),
(8, 4, 'SN000000000000008', 'https://product.suning.com/007/000000000000008.html', 1),
(9, 1, 'JD000000000000009', 'https://item.jd.com/000000000000009.html', 1),
(9, 2, 'TB000000000000009', 'https://detail.tmall.com/item.htm?id=000000000000009', 1),
(9, 3, 'PDD000000000000009', 'https://mobile.yangkeduo.com/goods.html?goods_id=000000000000009', 1),
(9, 4, 'SN000000000000009', 'https://product.suning.com/007/000000000000009.html', 1),
(10, 1, 'JD000000000000010', 'https://item.jd.com/000000000000010.html', 1),
(10, 2, 'TB000000000000010', 'https://detail.tmall.com/item.htm?id=000000000000010', 1),
(10, 3, 'PDD000000000000010', 'https://mobile.yangkeduo.com/goods.html?goods_id=000000000000010', 1),
(10, 4, 'SN000000000000010', 'https://product.suning.com/007/000000000000010.html', 1);

-- ========================================
-- 5. 价格历史记录（10商品 x 4平台 x 12条 = 480条）
-- ========================================
INSERT INTO t_price_record (product_id, platform_id, price, original_price, discount_info, stock_status, url, recorded_at) VALUES
(1, 1, 6999.00, 7698.90, '满减优惠', 1, 'https://item.jd.com/000000000000001.html', '2026-03-11 08:00:00'),
(1, 1, 6949.00, 7698.90, '限时折扣', 1, 'https://item.jd.com/000000000000001.html', '2026-03-13 14:00:00'),
(1, 1, 7029.00, 7698.90, NULL, 1, 'https://item.jd.com/000000000000001.html', '2026-03-15 09:15:00'),
(1, 1, 6919.00, 7698.90, '满减优惠', 1, 'https://item.jd.com/000000000000001.html', '2026-03-17 13:30:00'),
(1, 1, 7019.00, 7698.90, '限时折扣', 1, 'https://item.jd.com/000000000000001.html', '2026-03-19 08:45:00'),
(1, 1, 6899.00, 7698.90, NULL, 1, 'https://item.jd.com/000000000000001.html', '2026-03-21 12:30:00'),
(1, 1, 7049.00, 7698.90, '满减优惠', 1, 'https://item.jd.com/000000000000001.html', '2026-03-23 09:30:00'),
(1, 1, 6969.00, 7698.90, '限时折扣', 1, 'https://item.jd.com/000000000000001.html', '2026-03-25 14:45:00'),
(1, 1, 7009.00, 7698.90, NULL, 1, 'https://item.jd.com/000000000000001.html', '2026-03-27 08:00:00'),
(1, 1, 6939.00, 7698.90, '满减优惠', 1, 'https://item.jd.com/000000000000001.html', '2026-03-29 13:00:00'),
(1, 1, 7039.00, 7698.90, '限时折扣', 1, 'https://item.jd.com/000000000000001.html', '2026-03-31 09:00:00'),
(1, 1, 6979.00, 7698.90, NULL, 1, 'https://item.jd.com/000000000000001.html', '2026-04-02 14:15:00'),
(1, 2, 6859.02, 7544.92, '满减优惠', 1, 'https://detail.tmall.com/item.htm?id=000000000000001', '2026-03-11 08:00:00'),
(1, 2, 6809.02, 7544.92, '限时折扣', 1, 'https://detail.tmall.com/item.htm?id=000000000000001', '2026-03-13 14:00:00'),
(1, 2, 6889.02, 7544.92, NULL, 1, 'https://detail.tmall.com/item.htm?id=000000000000001', '2026-03-15 09:15:00'),
(1, 2, 6779.02, 7544.92, '满减优惠', 1, 'https://detail.tmall.com/item.htm?id=000000000000001', '2026-03-17 13:30:00'),
(1, 2, 6879.02, 7544.92, '限时折扣', 1, 'https://detail.tmall.com/item.htm?id=000000000000001', '2026-03-19 08:45:00'),
(1, 2, 6759.02, 7544.92, NULL, 1, 'https://detail.tmall.com/item.htm?id=000000000000001', '2026-03-21 12:30:00'),
(1, 2, 6909.02, 7544.92, '满减优惠', 1, 'https://detail.tmall.com/item.htm?id=000000000000001', '2026-03-23 09:30:00'),
(1, 2, 6829.02, 7544.92, '限时折扣', 1, 'https://detail.tmall.com/item.htm?id=000000000000001', '2026-03-25 14:45:00'),
(1, 2, 6869.02, 7544.92, NULL, 1, 'https://detail.tmall.com/item.htm?id=000000000000001', '2026-03-27 08:00:00'),
(1, 2, 6799.02, 7544.92, '满减优惠', 1, 'https://detail.tmall.com/item.htm?id=000000000000001', '2026-03-29 13:00:00'),
(1, 2, 6899.02, 7544.92, '限时折扣', 1, 'https://detail.tmall.com/item.htm?id=000000000000001', '2026-03-31 09:00:00'),
(1, 2, 6839.02, 7544.92, NULL, 1, 'https://detail.tmall.com/item.htm?id=000000000000001', '2026-04-02 14:15:00'),
(1, 3, 6649.05, 7313.96, '满减优惠', 1, 'https://mobile.yangkeduo.com/goods.html?goods_id=000000000000001', '2026-03-11 08:00:00'),
(1, 3, 6599.05, 7313.96, '限时折扣', 1, 'https://mobile.yangkeduo.com/goods.html?goods_id=000000000000001', '2026-03-13 14:00:00'),
(1, 3, 6679.05, 7313.96, NULL, 1, 'https://mobile.yangkeduo.com/goods.html?goods_id=000000000000001', '2026-03-15 09:15:00'),
(1, 3, 6569.05, 7313.96, '满减优惠', 1, 'https://mobile.yangkeduo.com/goods.html?goods_id=000000000000001', '2026-03-17 13:30:00'),
(1, 3, 6669.05, 7313.96, '限时折扣', 1, 'https://mobile.yangkeduo.com/goods.html?goods_id=000000000000001', '2026-03-19 08:45:00'),
(1, 3, 6549.05, 7313.96, NULL, 1, 'https://mobile.yangkeduo.com/goods.html?goods_id=000000000000001', '2026-03-21 12:30:00'),
(1, 3, 6699.05, 7313.96, '满减优惠', 1, 'https://mobile.yangkeduo.com/goods.html?goods_id=000000000000001', '2026-03-23 09:30:00'),
(1, 3, 6619.05, 7313.96, '限时折扣', 1, 'https://mobile.yangkeduo.com/goods.html?goods_id=000000000000001', '2026-03-25 14:45:00'),
(1, 3, 6659.05, 7313.96, NULL, 1, 'https://mobile.yangkeduo.com/goods.html?goods_id=000000000000001', '2026-03-27 08:00:00'),
(1, 3, 6589.05, 7313.96, '满减优惠', 1, 'https://mobile.yangkeduo.com/goods.html?goods_id=000000000000001', '2026-03-29 13:00:00'),
(1, 3, 6689.05, 7313.96, '限时折扣', 1, 'https://mobile.yangkeduo.com/goods.html?goods_id=000000000000001', '2026-03-31 09:00:00'),
(1, 3, 6629.05, 7313.96, NULL, 1, 'https://mobile.yangkeduo.com/goods.html?goods_id=000000000000001', '2026-04-02 14:15:00'),
(1, 4, 7138.98, 7852.88, '满减优惠', 1, 'https://product.suning.com/007/000000000000001.html', '2026-03-11 08:00:00'),
(1, 4, 7088.98, 7852.88, '限时折扣', 1, 'https://product.suning.com/007/000000000000001.html', '2026-03-13 14:00:00'),
(1, 4, 7168.98, 7852.88, NULL, 1, 'https://product.suning.com/007/000000000000001.html', '2026-03-15 09:15:00'),
(1, 4, 7058.98, 7852.88, '满减优惠', 1, 'https://product.suning.com/007/000000000000001.html', '2026-03-17 13:30:00'),
(1, 4, 7158.98, 7852.88, '限时折扣', 1, 'https://product.suning.com/007/000000000000001.html', '2026-03-19 08:45:00'),
(1, 4, 7038.98, 7852.88, NULL, 1, 'https://product.suning.com/007/000000000000001.html', '2026-03-21 12:30:00'),
(1, 4, 7188.98, 7852.88, '满减优惠', 1, 'https://product.suning.com/007/000000000000001.html', '2026-03-23 09:30:00'),
(1, 4, 7108.98, 7852.88, '限时折扣', 1, 'https://product.suning.com/007/000000000000001.html', '2026-03-25 14:45:00'),
(1, 4, 7148.98, 7852.88, NULL, 1, 'https://product.suning.com/007/000000000000001.html', '2026-03-27 08:00:00'),
(1, 4, 7078.98, 7852.88, '满减优惠', 1, 'https://product.suning.com/007/000000000000001.html', '2026-03-29 13:00:00'),
(1, 4, 7178.98, 7852.88, '限时折扣', 1, 'https://product.suning.com/007/000000000000001.html', '2026-03-31 09:00:00'),
(1, 4, 7118.98, 7852.88, NULL, 1, 'https://product.suning.com/007/000000000000001.html', '2026-04-02 14:15:00'),
(2, 1, 3999.00, 4398.90, '满减优惠', 1, 'https://item.jd.com/000000000000002.html', '2026-03-11 08:00:00'),
(2, 1, 3949.00, 4398.90, '限时折扣', 1, 'https://item.jd.com/000000000000002.html', '2026-03-13 14:00:00'),
(2, 1, 4029.00, 4398.90, NULL, 1, 'https://item.jd.com/000000000000002.html', '2026-03-15 09:15:00'),
(2, 1, 3919.00, 4398.90, '满减优惠', 1, 'https://item.jd.com/000000000000002.html', '2026-03-17 13:30:00'),
(2, 1, 4019.00, 4398.90, '限时折扣', 1, 'https://item.jd.com/000000000000002.html', '2026-03-19 08:45:00'),
(2, 1, 3899.00, 4398.90, NULL, 1, 'https://item.jd.com/000000000000002.html', '2026-03-21 12:30:00'),
(2, 1, 4049.00, 4398.90, '满减优惠', 1, 'https://item.jd.com/000000000000002.html', '2026-03-23 09:30:00'),
(2, 1, 3969.00, 4398.90, '限时折扣', 1, 'https://item.jd.com/000000000000002.html', '2026-03-25 14:45:00'),
(2, 1, 4009.00, 4398.90, NULL, 1, 'https://item.jd.com/000000000000002.html', '2026-03-27 08:00:00'),
(2, 1, 3939.00, 4398.90, '满减优惠', 1, 'https://item.jd.com/000000000000002.html', '2026-03-29 13:00:00'),
(2, 1, 4039.00, 4398.90, '限时折扣', 1, 'https://item.jd.com/000000000000002.html', '2026-03-31 09:00:00'),
(2, 1, 3979.00, 4398.90, NULL, 1, 'https://item.jd.com/000000000000002.html', '2026-04-02 14:15:00'),
(2, 2, 3879.03, 4266.93, '满减优惠', 1, 'https://detail.tmall.com/item.htm?id=000000000000002', '2026-03-11 08:00:00'),
(2, 2, 3829.03, 4266.93, '限时折扣', 1, 'https://detail.tmall.com/item.htm?id=000000000000002', '2026-03-13 14:00:00'),
(2, 2, 3909.03, 4266.93, NULL, 1, 'https://detail.tmall.com/item.htm?id=000000000000002', '2026-03-15 09:15:00'),
(2, 2, 3799.03, 4266.93, '满减优惠', 1, 'https://detail.tmall.com/item.htm?id=000000000000002', '2026-03-17 13:30:00'),
(2, 2, 3899.03, 4266.93, '限时折扣', 1, 'https://detail.tmall.com/item.htm?id=000000000000002', '2026-03-19 08:45:00'),
(2, 2, 3779.03, 4266.93, NULL, 1, 'https://detail.tmall.com/item.htm?id=000000000000002', '2026-03-21 12:30:00'),
(2, 2, 3929.03, 4266.93, '满减优惠', 1, 'https://detail.tmall.com/item.htm?id=000000000000002', '2026-03-23 09:30:00'),
(2, 2, 3849.03, 4266.93, '限时折扣', 1, 'https://detail.tmall.com/item.htm?id=000000000000002', '2026-03-25 14:45:00'),
(2, 2, 3889.03, 4266.93, NULL, 1, 'https://detail.tmall.com/item.htm?id=000000000000002', '2026-03-27 08:00:00'),
(2, 2, 3819.03, 4266.93, '满减优惠', 1, 'https://detail.tmall.com/item.htm?id=000000000000002', '2026-03-29 13:00:00'),
(2, 2, 3919.03, 4266.93, '限时折扣', 1, 'https://detail.tmall.com/item.htm?id=000000000000002', '2026-03-31 09:00:00'),
(2, 2, 3859.03, 4266.93, NULL, 1, 'https://detail.tmall.com/item.htm?id=000000000000002', '2026-04-02 14:15:00'),
(2, 3, 3719.07, 4090.98, '满减优惠', 1, 'https://mobile.yangkeduo.com/goods.html?goods_id=000000000000002', '2026-03-11 08:00:00'),
(2, 3, 3669.07, 4090.98, '限时折扣', 1, 'https://mobile.yangkeduo.com/goods.html?goods_id=000000000000002', '2026-03-13 14:00:00'),
(2, 3, 3749.07, 4090.98, NULL, 1, 'https://mobile.yangkeduo.com/goods.html?goods_id=000000000000002', '2026-03-15 09:15:00'),
(2, 3, 3639.07, 4090.98, '满减优惠', 1, 'https://mobile.yangkeduo.com/goods.html?goods_id=000000000000002', '2026-03-17 13:30:00'),
(2, 3, 3739.07, 4090.98, '限时折扣', 1, 'https://mobile.yangkeduo.com/goods.html?goods_id=000000000000002', '2026-03-19 08:45:00'),
(2, 3, 3619.07, 4090.98, NULL, 1, 'https://mobile.yangkeduo.com/goods.html?goods_id=000000000000002', '2026-03-21 12:30:00'),
(2, 3, 3769.07, 4090.98, '满减优惠', 1, 'https://mobile.yangkeduo.com/goods.html?goods_id=000000000000002', '2026-03-23 09:30:00'),
(2, 3, 3689.07, 4090.98, '限时折扣', 1, 'https://mobile.yangkeduo.com/goods.html?goods_id=000000000000002', '2026-03-25 14:45:00'),
(2, 3, 3729.07, 4090.98, NULL, 1, 'https://mobile.yangkeduo.com/goods.html?goods_id=000000000000002', '2026-03-27 08:00:00'),
(2, 3, 3659.07, 4090.98, '满减优惠', 1, 'https://mobile.yangkeduo.com/goods.html?goods_id=000000000000002', '2026-03-29 13:00:00'),
(2, 3, 3759.07, 4090.98, '限时折扣', 1, 'https://mobile.yangkeduo.com/goods.html?goods_id=000000000000002', '2026-03-31 09:00:00'),
(2, 3, 3699.07, 4090.98, NULL, 1, 'https://mobile.yangkeduo.com/goods.html?goods_id=000000000000002', '2026-04-02 14:15:00'),
(2, 4, 4038.99, 4442.89, '满减优惠', 1, 'https://product.suning.com/007/000000000000002.html', '2026-03-11 08:00:00'),
(2, 4, 3988.99, 4442.89, '限时折扣', 1, 'https://product.suning.com/007/000000000000002.html', '2026-03-13 14:00:00'),
(2, 4, 4068.99, 4442.89, NULL, 1, 'https://product.suning.com/007/000000000000002.html', '2026-03-15 09:15:00'),
(2, 4, 3958.99, 4442.89, '满减优惠', 1, 'https://product.suning.com/007/000000000000002.html', '2026-03-17 13:30:00'),
(2, 4, 4058.99, 4442.89, '限时折扣', 1, 'https://product.suning.com/007/000000000000002.html', '2026-03-19 08:45:00'),
(2, 4, 3938.99, 4442.89, NULL, 1, 'https://product.suning.com/007/000000000000002.html', '2026-03-21 12:30:00'),
(2, 4, 4088.99, 4442.89, '满减优惠', 1, 'https://product.suning.com/007/000000000000002.html', '2026-03-23 09:30:00'),
(2, 4, 4008.99, 4442.89, '限时折扣', 1, 'https://product.suning.com/007/000000000000002.html', '2026-03-25 14:45:00'),
(2, 4, 4048.99, 4442.89, NULL, 1, 'https://product.suning.com/007/000000000000002.html', '2026-03-27 08:00:00'),
(2, 4, 3978.99, 4442.89, '满减优惠', 1, 'https://product.suning.com/007/000000000000002.html', '2026-03-29 13:00:00'),
(2, 4, 4078.99, 4442.89, '限时折扣', 1, 'https://product.suning.com/007/000000000000002.html', '2026-03-31 09:00:00'),
(2, 4, 4018.99, 4442.89, NULL, 1, 'https://product.suning.com/007/000000000000002.html', '2026-04-02 14:15:00'),
(3, 1, 1999.00, 2198.90, '满减优惠', 1, 'https://item.jd.com/000000000000003.html', '2026-03-11 08:00:00'),
(3, 1, 1949.00, 2198.90, '限时折扣', 1, 'https://item.jd.com/000000000000003.html', '2026-03-13 14:00:00'),
(3, 1, 2029.00, 2198.90, NULL, 1, 'https://item.jd.com/000000000000003.html', '2026-03-15 09:15:00'),
(3, 1, 1919.00, 2198.90, '满减优惠', 1, 'https://item.jd.com/000000000000003.html', '2026-03-17 13:30:00'),
(3, 1, 2019.00, 2198.90, '限时折扣', 1, 'https://item.jd.com/000000000000003.html', '2026-03-19 08:45:00'),
(3, 1, 1899.00, 2198.90, NULL, 1, 'https://item.jd.com/000000000000003.html', '2026-03-21 12:30:00'),
(3, 1, 2049.00, 2198.90, '满减优惠', 1, 'https://item.jd.com/000000000000003.html', '2026-03-23 09:30:00'),
(3, 1, 1969.00, 2198.90, '限时折扣', 1, 'https://item.jd.com/000000000000003.html', '2026-03-25 14:45:00'),
(3, 1, 2009.00, 2198.90, NULL, 1, 'https://item.jd.com/000000000000003.html', '2026-03-27 08:00:00'),
(3, 1, 1939.00, 2198.90, '满减优惠', 1, 'https://item.jd.com/000000000000003.html', '2026-03-29 13:00:00'),
(3, 1, 2039.00, 2198.90, '限时折扣', 1, 'https://item.jd.com/000000000000003.html', '2026-03-31 09:00:00'),
(3, 1, 1979.00, 2198.90, NULL, 1, 'https://item.jd.com/000000000000003.html', '2026-04-02 14:15:00'),
(3, 2, 1979.01, 2176.91, '满减优惠', 1, 'https://detail.tmall.com/item.htm?id=000000000000003', '2026-03-11 08:00:00'),
(3, 2, 1929.01, 2176.91, '限时折扣', 1, 'https://detail.tmall.com/item.htm?id=000000000000003', '2026-03-13 14:00:00'),
(3, 2, 2009.01, 2176.91, NULL, 1, 'https://detail.tmall.com/item.htm?id=000000000000003', '2026-03-15 09:15:00'),
(3, 2, 1899.01, 2176.91, '满减优惠', 1, 'https://detail.tmall.com/item.htm?id=000000000000003', '2026-03-17 13:30:00'),
(3, 2, 1999.01, 2176.91, '限时折扣', 1, 'https://detail.tmall.com/item.htm?id=000000000000003', '2026-03-19 08:45:00'),
(3, 2, 1879.01, 2176.91, NULL, 1, 'https://detail.tmall.com/item.htm?id=000000000000003', '2026-03-21 12:30:00'),
(3, 2, 2029.01, 2176.91, '满减优惠', 1, 'https://detail.tmall.com/item.htm?id=000000000000003', '2026-03-23 09:30:00'),
(3, 2, 1949.01, 2176.91, '限时折扣', 1, 'https://detail.tmall.com/item.htm?id=000000000000003', '2026-03-25 14:45:00'),
(3, 2, 1989.01, 2176.91, NULL, 1, 'https://detail.tmall.com/item.htm?id=000000000000003', '2026-03-27 08:00:00'),
(3, 2, 1919.01, 2176.91, '满减优惠', 1, 'https://detail.tmall.com/item.htm?id=000000000000003', '2026-03-29 13:00:00'),
(3, 2, 2019.01, 2176.91, '限时折扣', 1, 'https://detail.tmall.com/item.htm?id=000000000000003', '2026-03-31 09:00:00'),
(3, 2, 1959.01, 2176.91, NULL, 1, 'https://detail.tmall.com/item.htm?id=000000000000003', '2026-04-02 14:15:00'),
(3, 3, 1919.04, 2110.94, '满减优惠', 1, 'https://mobile.yangkeduo.com/goods.html?goods_id=000000000000003', '2026-03-11 08:00:00'),
(3, 3, 1869.04, 2110.94, '限时折扣', 1, 'https://mobile.yangkeduo.com/goods.html?goods_id=000000000000003', '2026-03-13 14:00:00'),
(3, 3, 1949.04, 2110.94, NULL, 1, 'https://mobile.yangkeduo.com/goods.html?goods_id=000000000000003', '2026-03-15 09:15:00'),
(3, 3, 1839.04, 2110.94, '满减优惠', 1, 'https://mobile.yangkeduo.com/goods.html?goods_id=000000000000003', '2026-03-17 13:30:00'),
(3, 3, 1939.04, 2110.94, '限时折扣', 1, 'https://mobile.yangkeduo.com/goods.html?goods_id=000000000000003', '2026-03-19 08:45:00'),
(3, 3, 1819.04, 2110.94, NULL, 1, 'https://mobile.yangkeduo.com/goods.html?goods_id=000000000000003', '2026-03-21 12:30:00'),
(3, 3, 1969.04, 2110.94, '满减优惠', 1, 'https://mobile.yangkeduo.com/goods.html?goods_id=000000000000003', '2026-03-23 09:30:00'),
(3, 3, 1889.04, 2110.94, '限时折扣', 1, 'https://mobile.yangkeduo.com/goods.html?goods_id=000000000000003', '2026-03-25 14:45:00'),
(3, 3, 1929.04, 2110.94, NULL, 1, 'https://mobile.yangkeduo.com/goods.html?goods_id=000000000000003', '2026-03-27 08:00:00'),
(3, 3, 1859.04, 2110.94, '满减优惠', 1, 'https://mobile.yangkeduo.com/goods.html?goods_id=000000000000003', '2026-03-29 13:00:00'),
(3, 3, 1959.04, 2110.94, '限时折扣', 1, 'https://mobile.yangkeduo.com/goods.html?goods_id=000000000000003', '2026-03-31 09:00:00'),
(3, 3, 1899.04, 2110.94, NULL, 1, 'https://mobile.yangkeduo.com/goods.html?goods_id=000000000000003', '2026-04-02 14:15:00'),
(3, 4, 1999.00, 2198.90, '满减优惠', 1, 'https://product.suning.com/007/000000000000003.html', '2026-03-11 08:00:00'),
(3, 4, 1949.00, 2198.90, '限时折扣', 1, 'https://product.suning.com/007/000000000000003.html', '2026-03-13 14:00:00'),
(3, 4, 2029.00, 2198.90, NULL, 1, 'https://product.suning.com/007/000000000000003.html', '2026-03-15 09:15:00'),
(3, 4, 1919.00, 2198.90, '满减优惠', 1, 'https://product.suning.com/007/000000000000003.html', '2026-03-17 13:30:00'),
(3, 4, 2019.00, 2198.90, '限时折扣', 1, 'https://product.suning.com/007/000000000000003.html', '2026-03-19 08:45:00'),
(3, 4, 1899.00, 2198.90, NULL, 1, 'https://product.suning.com/007/000000000000003.html', '2026-03-21 12:30:00'),
(3, 4, 2049.00, 2198.90, '满减优惠', 1, 'https://product.suning.com/007/000000000000003.html', '2026-03-23 09:30:00'),
(3, 4, 1969.00, 2198.90, '限时折扣', 1, 'https://product.suning.com/007/000000000000003.html', '2026-03-25 14:45:00'),
(3, 4, 2009.00, 2198.90, NULL, 1, 'https://product.suning.com/007/000000000000003.html', '2026-03-27 08:00:00'),
(3, 4, 1939.00, 2198.90, '满减优惠', 1, 'https://product.suning.com/007/000000000000003.html', '2026-03-29 13:00:00'),
(3, 4, 2039.00, 2198.90, '限时折扣', 1, 'https://product.suning.com/007/000000000000003.html', '2026-03-31 09:00:00'),
(3, 4, 1979.00, 2198.90, NULL, 1, 'https://product.suning.com/007/000000000000003.html', '2026-04-02 14:15:00'),
(4, 1, 2999.00, 3298.90, '满减优惠', 1, 'https://item.jd.com/000000000000004.html', '2026-03-11 08:00:00'),
(4, 1, 2949.00, 3298.90, '限时折扣', 1, 'https://item.jd.com/000000000000004.html', '2026-03-13 14:00:00'),
(4, 1, 3029.00, 3298.90, NULL, 1, 'https://item.jd.com/000000000000004.html', '2026-03-15 09:15:00'),
(4, 1, 2919.00, 3298.90, '满减优惠', 1, 'https://item.jd.com/000000000000004.html', '2026-03-17 13:30:00'),
(4, 1, 3019.00, 3298.90, '限时折扣', 1, 'https://item.jd.com/000000000000004.html', '2026-03-19 08:45:00'),
(4, 1, 2899.00, 3298.90, NULL, 1, 'https://item.jd.com/000000000000004.html', '2026-03-21 12:30:00'),
(4, 1, 3049.00, 3298.90, '满减优惠', 1, 'https://item.jd.com/000000000000004.html', '2026-03-23 09:30:00'),
(4, 1, 2969.00, 3298.90, '限时折扣', 1, 'https://item.jd.com/000000000000004.html', '2026-03-25 14:45:00'),
(4, 1, 3009.00, 3298.90, NULL, 1, 'https://item.jd.com/000000000000004.html', '2026-03-27 08:00:00'),
(4, 1, 2939.00, 3298.90, '满减优惠', 1, 'https://item.jd.com/000000000000004.html', '2026-03-29 13:00:00'),
(4, 1, 3039.00, 3298.90, '限时折扣', 1, 'https://item.jd.com/000000000000004.html', '2026-03-31 09:00:00'),
(4, 1, 2979.00, 3298.90, NULL, 1, 'https://item.jd.com/000000000000004.html', '2026-04-02 14:15:00'),
(4, 2, 2939.02, 3232.92, '满减优惠', 1, 'https://detail.tmall.com/item.htm?id=000000000000004', '2026-03-11 08:00:00'),
(4, 2, 2889.02, 3232.92, '限时折扣', 1, 'https://detail.tmall.com/item.htm?id=000000000000004', '2026-03-13 14:00:00'),
(4, 2, 2969.02, 3232.92, NULL, 1, 'https://detail.tmall.com/item.htm?id=000000000000004', '2026-03-15 09:15:00'),
(4, 2, 2859.02, 3232.92, '满减优惠', 1, 'https://detail.tmall.com/item.htm?id=000000000000004', '2026-03-17 13:30:00'),
(4, 2, 2959.02, 3232.92, '限时折扣', 1, 'https://detail.tmall.com/item.htm?id=000000000000004', '2026-03-19 08:45:00'),
(4, 2, 2839.02, 3232.92, NULL, 1, 'https://detail.tmall.com/item.htm?id=000000000000004', '2026-03-21 12:30:00'),
(4, 2, 2989.02, 3232.92, '满减优惠', 1, 'https://detail.tmall.com/item.htm?id=000000000000004', '2026-03-23 09:30:00'),
(4, 2, 2909.02, 3232.92, '限时折扣', 1, 'https://detail.tmall.com/item.htm?id=000000000000004', '2026-03-25 14:45:00'),
(4, 2, 2949.02, 3232.92, NULL, 1, 'https://detail.tmall.com/item.htm?id=000000000000004', '2026-03-27 08:00:00'),
(4, 2, 2879.02, 3232.92, '满减优惠', 1, 'https://detail.tmall.com/item.htm?id=000000000000004', '2026-03-29 13:00:00'),
(4, 2, 2979.02, 3232.92, '限时折扣', 1, 'https://detail.tmall.com/item.htm?id=000000000000004', '2026-03-31 09:00:00'),
(4, 2, 2919.02, 3232.92, NULL, 1, 'https://detail.tmall.com/item.htm?id=000000000000004', '2026-04-02 14:15:00'),
(4, 3, 2819.06, 3100.97, '满减优惠', 1, 'https://mobile.yangkeduo.com/goods.html?goods_id=000000000000004', '2026-03-11 08:00:00'),
(4, 3, 2769.06, 3100.97, '限时折扣', 1, 'https://mobile.yangkeduo.com/goods.html?goods_id=000000000000004', '2026-03-13 14:00:00'),
(4, 3, 2849.06, 3100.97, NULL, 1, 'https://mobile.yangkeduo.com/goods.html?goods_id=000000000000004', '2026-03-15 09:15:00'),
(4, 3, 2739.06, 3100.97, '满减优惠', 1, 'https://mobile.yangkeduo.com/goods.html?goods_id=000000000000004', '2026-03-17 13:30:00'),
(4, 3, 2839.06, 3100.97, '限时折扣', 1, 'https://mobile.yangkeduo.com/goods.html?goods_id=000000000000004', '2026-03-19 08:45:00'),
(4, 3, 2719.06, 3100.97, NULL, 1, 'https://mobile.yangkeduo.com/goods.html?goods_id=000000000000004', '2026-03-21 12:30:00'),
(4, 3, 2869.06, 3100.97, '满减优惠', 1, 'https://mobile.yangkeduo.com/goods.html?goods_id=000000000000004', '2026-03-23 09:30:00'),
(4, 3, 2789.06, 3100.97, '限时折扣', 1, 'https://mobile.yangkeduo.com/goods.html?goods_id=000000000000004', '2026-03-25 14:45:00'),
(4, 3, 2829.06, 3100.97, NULL, 1, 'https://mobile.yangkeduo.com/goods.html?goods_id=000000000000004', '2026-03-27 08:00:00'),
(4, 3, 2759.06, 3100.97, '满减优惠', 1, 'https://mobile.yangkeduo.com/goods.html?goods_id=000000000000004', '2026-03-29 13:00:00'),
(4, 3, 2859.06, 3100.97, '限时折扣', 1, 'https://mobile.yangkeduo.com/goods.html?goods_id=000000000000004', '2026-03-31 09:00:00'),
(4, 3, 2799.06, 3100.97, NULL, 1, 'https://mobile.yangkeduo.com/goods.html?goods_id=000000000000004', '2026-04-02 14:15:00'),
(4, 4, 3028.99, 3331.89, '满减优惠', 1, 'https://product.suning.com/007/000000000000004.html', '2026-03-11 08:00:00'),
(4, 4, 2978.99, 3331.89, '限时折扣', 1, 'https://product.suning.com/007/000000000000004.html', '2026-03-13 14:00:00'),
(4, 4, 3058.99, 3331.89, NULL, 1, 'https://product.suning.com/007/000000000000004.html', '2026-03-15 09:15:00'),
(4, 4, 2948.99, 3331.89, '满减优惠', 1, 'https://product.suning.com/007/000000000000004.html', '2026-03-17 13:30:00'),
(4, 4, 3048.99, 3331.89, '限时折扣', 1, 'https://product.suning.com/007/000000000000004.html', '2026-03-19 08:45:00'),
(4, 4, 2928.99, 3331.89, NULL, 1, 'https://product.suning.com/007/000000000000004.html', '2026-03-21 12:30:00'),
(4, 4, 3078.99, 3331.89, '满减优惠', 1, 'https://product.suning.com/007/000000000000004.html', '2026-03-23 09:30:00'),
(4, 4, 2998.99, 3331.89, '限时折扣', 1, 'https://product.suning.com/007/000000000000004.html', '2026-03-25 14:45:00'),
(4, 4, 3038.99, 3331.89, NULL, 1, 'https://product.suning.com/007/000000000000004.html', '2026-03-27 08:00:00'),
(4, 4, 2968.99, 3331.89, '满减优惠', 1, 'https://product.suning.com/007/000000000000004.html', '2026-03-29 13:00:00'),
(4, 4, 3068.99, 3331.89, '限时折扣', 1, 'https://product.suning.com/007/000000000000004.html', '2026-03-31 09:00:00'),
(4, 4, 3008.99, 3331.89, NULL, 1, 'https://product.suning.com/007/000000000000004.html', '2026-04-02 14:15:00'),
(5, 1, 1799.00, 1978.90, '满减优惠', 1, 'https://item.jd.com/000000000000005.html', '2026-03-11 08:00:00'),
(5, 1, 1749.00, 1978.90, '限时折扣', 1, 'https://item.jd.com/000000000000005.html', '2026-03-13 14:00:00'),
(5, 1, 1829.00, 1978.90, NULL, 1, 'https://item.jd.com/000000000000005.html', '2026-03-15 09:15:00'),
(5, 1, 1719.00, 1978.90, '满减优惠', 1, 'https://item.jd.com/000000000000005.html', '2026-03-17 13:30:00'),
(5, 1, 1819.00, 1978.90, '限时折扣', 1, 'https://item.jd.com/000000000000005.html', '2026-03-19 08:45:00'),
(5, 1, 1699.00, 1978.90, NULL, 1, 'https://item.jd.com/000000000000005.html', '2026-03-21 12:30:00'),
(5, 1, 1849.00, 1978.90, '满减优惠', 1, 'https://item.jd.com/000000000000005.html', '2026-03-23 09:30:00'),
(5, 1, 1769.00, 1978.90, '限时折扣', 1, 'https://item.jd.com/000000000000005.html', '2026-03-25 14:45:00'),
(5, 1, 1809.00, 1978.90, NULL, 1, 'https://item.jd.com/000000000000005.html', '2026-03-27 08:00:00'),
(5, 1, 1739.00, 1978.90, '满减优惠', 1, 'https://item.jd.com/000000000000005.html', '2026-03-29 13:00:00'),
(5, 1, 1839.00, 1978.90, '限时折扣', 1, 'https://item.jd.com/000000000000005.html', '2026-03-31 09:00:00'),
(5, 1, 1779.00, 1978.90, NULL, 1, 'https://item.jd.com/000000000000005.html', '2026-04-02 14:15:00'),
(5, 2, 1781.01, 1959.11, '满减优惠', 1, 'https://detail.tmall.com/item.htm?id=000000000000005', '2026-03-11 08:00:00'),
(5, 2, 1731.01, 1959.11, '限时折扣', 1, 'https://detail.tmall.com/item.htm?id=000000000000005', '2026-03-13 14:00:00'),
(5, 2, 1811.01, 1959.11, NULL, 1, 'https://detail.tmall.com/item.htm?id=000000000000005', '2026-03-15 09:15:00'),
(5, 2, 1701.01, 1959.11, '满减优惠', 1, 'https://detail.tmall.com/item.htm?id=000000000000005', '2026-03-17 13:30:00'),
(5, 2, 1801.01, 1959.11, '限时折扣', 1, 'https://detail.tmall.com/item.htm?id=000000000000005', '2026-03-19 08:45:00'),
(5, 2, 1681.01, 1959.11, NULL, 1, 'https://detail.tmall.com/item.htm?id=000000000000005', '2026-03-21 12:30:00'),
(5, 2, 1831.01, 1959.11, '满减优惠', 1, 'https://detail.tmall.com/item.htm?id=000000000000005', '2026-03-23 09:30:00'),
(5, 2, 1751.01, 1959.11, '限时折扣', 1, 'https://detail.tmall.com/item.htm?id=000000000000005', '2026-03-25 14:45:00'),
(5, 2, 1791.01, 1959.11, NULL, 1, 'https://detail.tmall.com/item.htm?id=000000000000005', '2026-03-27 08:00:00'),
(5, 2, 1721.01, 1959.11, '满减优惠', 1, 'https://detail.tmall.com/item.htm?id=000000000000005', '2026-03-29 13:00:00'),
(5, 2, 1821.01, 1959.11, '限时折扣', 1, 'https://detail.tmall.com/item.htm?id=000000000000005', '2026-03-31 09:00:00'),
(5, 2, 1761.01, 1959.11, NULL, 1, 'https://detail.tmall.com/item.htm?id=000000000000005', '2026-04-02 14:15:00'),
(5, 3, 1709.05, 1879.96, '满减优惠', 1, 'https://mobile.yangkeduo.com/goods.html?goods_id=000000000000005', '2026-03-11 08:00:00'),
(5, 3, 1659.05, 1879.96, '限时折扣', 1, 'https://mobile.yangkeduo.com/goods.html?goods_id=000000000000005', '2026-03-13 14:00:00'),
(5, 3, 1739.05, 1879.96, NULL, 1, 'https://mobile.yangkeduo.com/goods.html?goods_id=000000000000005', '2026-03-15 09:15:00'),
(5, 3, 1629.05, 1879.96, '满减优惠', 1, 'https://mobile.yangkeduo.com/goods.html?goods_id=000000000000005', '2026-03-17 13:30:00'),
(5, 3, 1729.05, 1879.96, '限时折扣', 1, 'https://mobile.yangkeduo.com/goods.html?goods_id=000000000000005', '2026-03-19 08:45:00'),
(5, 3, 1609.05, 1879.96, NULL, 1, 'https://mobile.yangkeduo.com/goods.html?goods_id=000000000000005', '2026-03-21 12:30:00'),
(5, 3, 1759.05, 1879.96, '满减优惠', 1, 'https://mobile.yangkeduo.com/goods.html?goods_id=000000000000005', '2026-03-23 09:30:00'),
(5, 3, 1679.05, 1879.96, '限时折扣', 1, 'https://mobile.yangkeduo.com/goods.html?goods_id=000000000000005', '2026-03-25 14:45:00'),
(5, 3, 1719.05, 1879.96, NULL, 1, 'https://mobile.yangkeduo.com/goods.html?goods_id=000000000000005', '2026-03-27 08:00:00'),
(5, 3, 1649.05, 1879.96, '满减优惠', 1, 'https://mobile.yangkeduo.com/goods.html?goods_id=000000000000005', '2026-03-29 13:00:00'),
(5, 3, 1749.05, 1879.96, '限时折扣', 1, 'https://mobile.yangkeduo.com/goods.html?goods_id=000000000000005', '2026-03-31 09:00:00'),
(5, 3, 1689.05, 1879.96, NULL, 1, 'https://mobile.yangkeduo.com/goods.html?goods_id=000000000000005', '2026-04-02 14:15:00'),
(5, 4, 1799.00, 1978.90, '满减优惠', 1, 'https://product.suning.com/007/000000000000005.html', '2026-03-11 08:00:00'),
(5, 4, 1749.00, 1978.90, '限时折扣', 1, 'https://product.suning.com/007/000000000000005.html', '2026-03-13 14:00:00'),
(5, 4, 1829.00, 1978.90, NULL, 1, 'https://product.suning.com/007/000000000000005.html', '2026-03-15 09:15:00'),
(5, 4, 1719.00, 1978.90, '满减优惠', 1, 'https://product.suning.com/007/000000000000005.html', '2026-03-17 13:30:00'),
(5, 4, 1819.00, 1978.90, '限时折扣', 1, 'https://product.suning.com/007/000000000000005.html', '2026-03-19 08:45:00'),
(5, 4, 1699.00, 1978.90, NULL, 1, 'https://product.suning.com/007/000000000000005.html', '2026-03-21 12:30:00'),
(5, 4, 1849.00, 1978.90, '满减优惠', 1, 'https://product.suning.com/007/000000000000005.html', '2026-03-23 09:30:00'),
(5, 4, 1769.00, 1978.90, '限时折扣', 1, 'https://product.suning.com/007/000000000000005.html', '2026-03-25 14:45:00'),
(5, 4, 1809.00, 1978.90, NULL, 1, 'https://product.suning.com/007/000000000000005.html', '2026-03-27 08:00:00'),
(5, 4, 1739.00, 1978.90, '满减优惠', 1, 'https://product.suning.com/007/000000000000005.html', '2026-03-29 13:00:00'),
(5, 4, 1839.00, 1978.90, '限时折扣', 1, 'https://product.suning.com/007/000000000000005.html', '2026-03-31 09:00:00'),
(5, 4, 1779.00, 1978.90, NULL, 1, 'https://product.suning.com/007/000000000000005.html', '2026-04-02 14:15:00'),
(6, 1, 2499.00, 2748.90, '满减优惠', 1, 'https://item.jd.com/000000000000006.html', '2026-03-11 08:00:00'),
(6, 1, 2449.00, 2748.90, '限时折扣', 1, 'https://item.jd.com/000000000000006.html', '2026-03-13 14:00:00'),
(6, 1, 2529.00, 2748.90, NULL, 1, 'https://item.jd.com/000000000000006.html', '2026-03-15 09:15:00'),
(6, 1, 2419.00, 2748.90, '满减优惠', 1, 'https://item.jd.com/000000000000006.html', '2026-03-17 13:30:00'),
(6, 1, 2519.00, 2748.90, '限时折扣', 1, 'https://item.jd.com/000000000000006.html', '2026-03-19 08:45:00'),
(6, 1, 2399.00, 2748.90, NULL, 1, 'https://item.jd.com/000000000000006.html', '2026-03-21 12:30:00'),
(6, 1, 2549.00, 2748.90, '满减优惠', 1, 'https://item.jd.com/000000000000006.html', '2026-03-23 09:30:00'),
(6, 1, 2469.00, 2748.90, '限时折扣', 1, 'https://item.jd.com/000000000000006.html', '2026-03-25 14:45:00'),
(6, 1, 2509.00, 2748.90, NULL, 1, 'https://item.jd.com/000000000000006.html', '2026-03-27 08:00:00'),
(6, 1, 2439.00, 2748.90, '满减优惠', 1, 'https://item.jd.com/000000000000006.html', '2026-03-29 13:00:00'),
(6, 1, 2539.00, 2748.90, '限时折扣', 1, 'https://item.jd.com/000000000000006.html', '2026-03-31 09:00:00'),
(6, 1, 2479.00, 2748.90, NULL, 1, 'https://item.jd.com/000000000000006.html', '2026-04-02 14:15:00'),
(6, 2, 2424.03, 2666.43, '满减优惠', 1, 'https://detail.tmall.com/item.htm?id=000000000000006', '2026-03-11 08:00:00'),
(6, 2, 2374.03, 2666.43, '限时折扣', 1, 'https://detail.tmall.com/item.htm?id=000000000000006', '2026-03-13 14:00:00'),
(6, 2, 2454.03, 2666.43, NULL, 1, 'https://detail.tmall.com/item.htm?id=000000000000006', '2026-03-15 09:15:00'),
(6, 2, 2344.03, 2666.43, '满减优惠', 1, 'https://detail.tmall.com/item.htm?id=000000000000006', '2026-03-17 13:30:00'),
(6, 2, 2444.03, 2666.43, '限时折扣', 1, 'https://detail.tmall.com/item.htm?id=000000000000006', '2026-03-19 08:45:00'),
(6, 2, 2324.03, 2666.43, NULL, 1, 'https://detail.tmall.com/item.htm?id=000000000000006', '2026-03-21 12:30:00'),
(6, 2, 2474.03, 2666.43, '满减优惠', 1, 'https://detail.tmall.com/item.htm?id=000000000000006', '2026-03-23 09:30:00'),
(6, 2, 2394.03, 2666.43, '限时折扣', 1, 'https://detail.tmall.com/item.htm?id=000000000000006', '2026-03-25 14:45:00'),
(6, 2, 2434.03, 2666.43, NULL, 1, 'https://detail.tmall.com/item.htm?id=000000000000006', '2026-03-27 08:00:00'),
(6, 2, 2364.03, 2666.43, '满减优惠', 1, 'https://detail.tmall.com/item.htm?id=000000000000006', '2026-03-29 13:00:00'),
(6, 2, 2464.03, 2666.43, '限时折扣', 1, 'https://detail.tmall.com/item.htm?id=000000000000006', '2026-03-31 09:00:00'),
(6, 2, 2404.03, 2666.43, NULL, 1, 'https://detail.tmall.com/item.htm?id=000000000000006', '2026-04-02 14:15:00'),
(6, 3, 2349.06, 2583.97, '满减优惠', 1, 'https://mobile.yangkeduo.com/goods.html?goods_id=000000000000006', '2026-03-11 08:00:00'),
(6, 3, 2299.06, 2583.97, '限时折扣', 1, 'https://mobile.yangkeduo.com/goods.html?goods_id=000000000000006', '2026-03-13 14:00:00'),
(6, 3, 2379.06, 2583.97, NULL, 1, 'https://mobile.yangkeduo.com/goods.html?goods_id=000000000000006', '2026-03-15 09:15:00'),
(6, 3, 2269.06, 2583.97, '满减优惠', 1, 'https://mobile.yangkeduo.com/goods.html?goods_id=000000000000006', '2026-03-17 13:30:00'),
(6, 3, 2369.06, 2583.97, '限时折扣', 1, 'https://mobile.yangkeduo.com/goods.html?goods_id=000000000000006', '2026-03-19 08:45:00'),
(6, 3, 2249.06, 2583.97, NULL, 1, 'https://mobile.yangkeduo.com/goods.html?goods_id=000000000000006', '2026-03-21 12:30:00'),
(6, 3, 2399.06, 2583.97, '满减优惠', 1, 'https://mobile.yangkeduo.com/goods.html?goods_id=000000000000006', '2026-03-23 09:30:00'),
(6, 3, 2319.06, 2583.97, '限时折扣', 1, 'https://mobile.yangkeduo.com/goods.html?goods_id=000000000000006', '2026-03-25 14:45:00'),
(6, 3, 2359.06, 2583.97, NULL, 1, 'https://mobile.yangkeduo.com/goods.html?goods_id=000000000000006', '2026-03-27 08:00:00'),
(6, 3, 2289.06, 2583.97, '满减优惠', 1, 'https://mobile.yangkeduo.com/goods.html?goods_id=000000000000006', '2026-03-29 13:00:00'),
(6, 3, 2389.06, 2583.97, '限时折扣', 1, 'https://mobile.yangkeduo.com/goods.html?goods_id=000000000000006', '2026-03-31 09:00:00'),
(6, 3, 2329.06, 2583.97, NULL, 1, 'https://mobile.yangkeduo.com/goods.html?goods_id=000000000000006', '2026-04-02 14:15:00'),
(6, 4, 2548.98, 2803.88, '满减优惠', 1, 'https://product.suning.com/007/000000000000006.html', '2026-03-11 08:00:00'),
(6, 4, 2498.98, 2803.88, '限时折扣', 1, 'https://product.suning.com/007/000000000000006.html', '2026-03-13 14:00:00'),
(6, 4, 2578.98, 2803.88, NULL, 1, 'https://product.suning.com/007/000000000000006.html', '2026-03-15 09:15:00'),
(6, 4, 2468.98, 2803.88, '满减优惠', 1, 'https://product.suning.com/007/000000000000006.html', '2026-03-17 13:30:00'),
(6, 4, 2568.98, 2803.88, '限时折扣', 1, 'https://product.suning.com/007/000000000000006.html', '2026-03-19 08:45:00'),
(6, 4, 2448.98, 2803.88, NULL, 1, 'https://product.suning.com/007/000000000000006.html', '2026-03-21 12:30:00'),
(6, 4, 2598.98, 2803.88, '满减优惠', 1, 'https://product.suning.com/007/000000000000006.html', '2026-03-23 09:30:00'),
(6, 4, 2518.98, 2803.88, '限时折扣', 1, 'https://product.suning.com/007/000000000000006.html', '2026-03-25 14:45:00'),
(6, 4, 2558.98, 2803.88, NULL, 1, 'https://product.suning.com/007/000000000000006.html', '2026-03-27 08:00:00'),
(6, 4, 2488.98, 2803.88, '满减优惠', 1, 'https://product.suning.com/007/000000000000006.html', '2026-03-29 13:00:00'),
(6, 4, 2588.98, 2803.88, '限时折扣', 1, 'https://product.suning.com/007/000000000000006.html', '2026-03-31 09:00:00'),
(6, 4, 2528.98, 2803.88, NULL, 1, 'https://product.suning.com/007/000000000000006.html', '2026-04-02 14:15:00'),
(7, 1, 4999.00, 5498.90, '满减优惠', 1, 'https://item.jd.com/000000000000007.html', '2026-03-11 08:00:00'),
(7, 1, 4949.00, 5498.90, '限时折扣', 1, 'https://item.jd.com/000000000000007.html', '2026-03-13 14:00:00'),
(7, 1, 5029.00, 5498.90, NULL, 1, 'https://item.jd.com/000000000000007.html', '2026-03-15 09:15:00'),
(7, 1, 4919.00, 5498.90, '满减优惠', 1, 'https://item.jd.com/000000000000007.html', '2026-03-17 13:30:00'),
(7, 1, 5019.00, 5498.90, '限时折扣', 1, 'https://item.jd.com/000000000000007.html', '2026-03-19 08:45:00'),
(7, 1, 4899.00, 5498.90, NULL, 1, 'https://item.jd.com/000000000000007.html', '2026-03-21 12:30:00'),
(7, 1, 5049.00, 5498.90, '满减优惠', 1, 'https://item.jd.com/000000000000007.html', '2026-03-23 09:30:00'),
(7, 1, 4969.00, 5498.90, '限时折扣', 1, 'https://item.jd.com/000000000000007.html', '2026-03-25 14:45:00'),
(7, 1, 5009.00, 5498.90, NULL, 1, 'https://item.jd.com/000000000000007.html', '2026-03-27 08:00:00'),
(7, 1, 4939.00, 5498.90, '满减优惠', 1, 'https://item.jd.com/000000000000007.html', '2026-03-29 13:00:00'),
(7, 1, 5039.00, 5498.90, '限时折扣', 1, 'https://item.jd.com/000000000000007.html', '2026-03-31 09:00:00'),
(7, 1, 4979.00, 5498.90, NULL, 1, 'https://item.jd.com/000000000000007.html', '2026-04-02 14:15:00'),
(7, 2, 4899.02, 5388.92, '满减优惠', 1, 'https://detail.tmall.com/item.htm?id=000000000000007', '2026-03-11 08:00:00'),
(7, 2, 4849.02, 5388.92, '限时折扣', 1, 'https://detail.tmall.com/item.htm?id=000000000000007', '2026-03-13 14:00:00'),
(7, 2, 4929.02, 5388.92, NULL, 1, 'https://detail.tmall.com/item.htm?id=000000000000007', '2026-03-15 09:15:00'),
(7, 2, 4819.02, 5388.92, '满减优惠', 1, 'https://detail.tmall.com/item.htm?id=000000000000007', '2026-03-17 13:30:00'),
(7, 2, 4919.02, 5388.92, '限时折扣', 1, 'https://detail.tmall.com/item.htm?id=000000000000007', '2026-03-19 08:45:00'),
(7, 2, 4799.02, 5388.92, NULL, 1, 'https://detail.tmall.com/item.htm?id=000000000000007', '2026-03-21 12:30:00'),
(7, 2, 4949.02, 5388.92, '满减优惠', 1, 'https://detail.tmall.com/item.htm?id=000000000000007', '2026-03-23 09:30:00'),
(7, 2, 4869.02, 5388.92, '限时折扣', 1, 'https://detail.tmall.com/item.htm?id=000000000000007', '2026-03-25 14:45:00'),
(7, 2, 4909.02, 5388.92, NULL, 1, 'https://detail.tmall.com/item.htm?id=000000000000007', '2026-03-27 08:00:00'),
(7, 2, 4839.02, 5388.92, '满减优惠', 1, 'https://detail.tmall.com/item.htm?id=000000000000007', '2026-03-29 13:00:00'),
(7, 2, 4939.02, 5388.92, '限时折扣', 1, 'https://detail.tmall.com/item.htm?id=000000000000007', '2026-03-31 09:00:00'),
(7, 2, 4879.02, 5388.92, NULL, 1, 'https://detail.tmall.com/item.htm?id=000000000000007', '2026-04-02 14:15:00'),
(7, 3, 4749.05, 5223.96, '满减优惠', 1, 'https://mobile.yangkeduo.com/goods.html?goods_id=000000000000007', '2026-03-11 08:00:00'),
(7, 3, 4699.05, 5223.96, '限时折扣', 1, 'https://mobile.yangkeduo.com/goods.html?goods_id=000000000000007', '2026-03-13 14:00:00'),
(7, 3, 4779.05, 5223.96, NULL, 1, 'https://mobile.yangkeduo.com/goods.html?goods_id=000000000000007', '2026-03-15 09:15:00'),
(7, 3, 4669.05, 5223.96, '满减优惠', 1, 'https://mobile.yangkeduo.com/goods.html?goods_id=000000000000007', '2026-03-17 13:30:00'),
(7, 3, 4769.05, 5223.96, '限时折扣', 1, 'https://mobile.yangkeduo.com/goods.html?goods_id=000000000000007', '2026-03-19 08:45:00'),
(7, 3, 4649.05, 5223.96, NULL, 1, 'https://mobile.yangkeduo.com/goods.html?goods_id=000000000000007', '2026-03-21 12:30:00'),
(7, 3, 4799.05, 5223.96, '满减优惠', 1, 'https://mobile.yangkeduo.com/goods.html?goods_id=000000000000007', '2026-03-23 09:30:00'),
(7, 3, 4719.05, 5223.96, '限时折扣', 1, 'https://mobile.yangkeduo.com/goods.html?goods_id=000000000000007', '2026-03-25 14:45:00'),
(7, 3, 4759.05, 5223.96, NULL, 1, 'https://mobile.yangkeduo.com/goods.html?goods_id=000000000000007', '2026-03-27 08:00:00'),
(7, 3, 4689.05, 5223.96, '满减优惠', 1, 'https://mobile.yangkeduo.com/goods.html?goods_id=000000000000007', '2026-03-29 13:00:00'),
(7, 3, 4789.05, 5223.96, '限时折扣', 1, 'https://mobile.yangkeduo.com/goods.html?goods_id=000000000000007', '2026-03-31 09:00:00'),
(7, 3, 4729.05, 5223.96, NULL, 1, 'https://mobile.yangkeduo.com/goods.html?goods_id=000000000000007', '2026-04-02 14:15:00'),
(7, 4, 5048.99, 5553.89, '满减优惠', 1, 'https://product.suning.com/007/000000000000007.html', '2026-03-11 08:00:00'),
(7, 4, 4998.99, 5553.89, '限时折扣', 1, 'https://product.suning.com/007/000000000000007.html', '2026-03-13 14:00:00'),
(7, 4, 5078.99, 5553.89, NULL, 1, 'https://product.suning.com/007/000000000000007.html', '2026-03-15 09:15:00'),
(7, 4, 4968.99, 5553.89, '满减优惠', 1, 'https://product.suning.com/007/000000000000007.html', '2026-03-17 13:30:00'),
(7, 4, 5068.99, 5553.89, '限时折扣', 1, 'https://product.suning.com/007/000000000000007.html', '2026-03-19 08:45:00'),
(7, 4, 4948.99, 5553.89, NULL, 1, 'https://product.suning.com/007/000000000000007.html', '2026-03-21 12:30:00'),
(7, 4, 5098.99, 5553.89, '满减优惠', 1, 'https://product.suning.com/007/000000000000007.html', '2026-03-23 09:30:00'),
(7, 4, 5018.99, 5553.89, '限时折扣', 1, 'https://product.suning.com/007/000000000000007.html', '2026-03-25 14:45:00'),
(7, 4, 5058.99, 5553.89, NULL, 1, 'https://product.suning.com/007/000000000000007.html', '2026-03-27 08:00:00'),
(7, 4, 4988.99, 5553.89, '满减优惠', 1, 'https://product.suning.com/007/000000000000007.html', '2026-03-29 13:00:00'),
(7, 4, 5088.99, 5553.89, '限时折扣', 1, 'https://product.suning.com/007/000000000000007.html', '2026-03-31 09:00:00'),
(7, 4, 5028.99, 5553.89, NULL, 1, 'https://product.suning.com/007/000000000000007.html', '2026-04-02 14:15:00'),
(8, 1, 2299.00, 2528.90, '满减优惠', 1, 'https://item.jd.com/000000000000008.html', '2026-03-11 08:00:00'),
(8, 1, 2249.00, 2528.90, '限时折扣', 1, 'https://item.jd.com/000000000000008.html', '2026-03-13 14:00:00'),
(8, 1, 2329.00, 2528.90, NULL, 1, 'https://item.jd.com/000000000000008.html', '2026-03-15 09:15:00'),
(8, 1, 2219.00, 2528.90, '满减优惠', 1, 'https://item.jd.com/000000000000008.html', '2026-03-17 13:30:00'),
(8, 1, 2319.00, 2528.90, '限时折扣', 1, 'https://item.jd.com/000000000000008.html', '2026-03-19 08:45:00'),
(8, 1, 2199.00, 2528.90, NULL, 1, 'https://item.jd.com/000000000000008.html', '2026-03-21 12:30:00'),
(8, 1, 2349.00, 2528.90, '满减优惠', 1, 'https://item.jd.com/000000000000008.html', '2026-03-23 09:30:00'),
(8, 1, 2269.00, 2528.90, '限时折扣', 1, 'https://item.jd.com/000000000000008.html', '2026-03-25 14:45:00'),
(8, 1, 2309.00, 2528.90, NULL, 1, 'https://item.jd.com/000000000000008.html', '2026-03-27 08:00:00'),
(8, 1, 2239.00, 2528.90, '满减优惠', 1, 'https://item.jd.com/000000000000008.html', '2026-03-29 13:00:00'),
(8, 1, 2339.00, 2528.90, '限时折扣', 1, 'https://item.jd.com/000000000000008.html', '2026-03-31 09:00:00'),
(8, 1, 2279.00, 2528.90, NULL, 1, 'https://item.jd.com/000000000000008.html', '2026-04-02 14:15:00'),
(8, 2, 2276.01, 2503.61, '满减优惠', 1, 'https://detail.tmall.com/item.htm?id=000000000000008', '2026-03-11 08:00:00'),
(8, 2, 2226.01, 2503.61, '限时折扣', 1, 'https://detail.tmall.com/item.htm?id=000000000000008', '2026-03-13 14:00:00'),
(8, 2, 2306.01, 2503.61, NULL, 1, 'https://detail.tmall.com/item.htm?id=000000000000008', '2026-03-15 09:15:00'),
(8, 2, 2196.01, 2503.61, '满减优惠', 1, 'https://detail.tmall.com/item.htm?id=000000000000008', '2026-03-17 13:30:00'),
(8, 2, 2296.01, 2503.61, '限时折扣', 1, 'https://detail.tmall.com/item.htm?id=000000000000008', '2026-03-19 08:45:00'),
(8, 2, 2176.01, 2503.61, NULL, 1, 'https://detail.tmall.com/item.htm?id=000000000000008', '2026-03-21 12:30:00'),
(8, 2, 2326.01, 2503.61, '满减优惠', 1, 'https://detail.tmall.com/item.htm?id=000000000000008', '2026-03-23 09:30:00'),
(8, 2, 2246.01, 2503.61, '限时折扣', 1, 'https://detail.tmall.com/item.htm?id=000000000000008', '2026-03-25 14:45:00'),
(8, 2, 2286.01, 2503.61, NULL, 1, 'https://detail.tmall.com/item.htm?id=000000000000008', '2026-03-27 08:00:00'),
(8, 2, 2216.01, 2503.61, '满减优惠', 1, 'https://detail.tmall.com/item.htm?id=000000000000008', '2026-03-29 13:00:00'),
(8, 2, 2316.01, 2503.61, '限时折扣', 1, 'https://detail.tmall.com/item.htm?id=000000000000008', '2026-03-31 09:00:00'),
(8, 2, 2256.01, 2503.61, NULL, 1, 'https://detail.tmall.com/item.htm?id=000000000000008', '2026-04-02 14:15:00'),
(8, 3, 2138.07, 2351.88, '满减优惠', 1, 'https://mobile.yangkeduo.com/goods.html?goods_id=000000000000008', '2026-03-11 08:00:00'),
(8, 3, 2088.07, 2351.88, '限时折扣', 1, 'https://mobile.yangkeduo.com/goods.html?goods_id=000000000000008', '2026-03-13 14:00:00'),
(8, 3, 2168.07, 2351.88, NULL, 1, 'https://mobile.yangkeduo.com/goods.html?goods_id=000000000000008', '2026-03-15 09:15:00'),
(8, 3, 2058.07, 2351.88, '满减优惠', 1, 'https://mobile.yangkeduo.com/goods.html?goods_id=000000000000008', '2026-03-17 13:30:00'),
(8, 3, 2158.07, 2351.88, '限时折扣', 1, 'https://mobile.yangkeduo.com/goods.html?goods_id=000000000000008', '2026-03-19 08:45:00'),
(8, 3, 2038.07, 2351.88, NULL, 1, 'https://mobile.yangkeduo.com/goods.html?goods_id=000000000000008', '2026-03-21 12:30:00'),
(8, 3, 2188.07, 2351.88, '满减优惠', 1, 'https://mobile.yangkeduo.com/goods.html?goods_id=000000000000008', '2026-03-23 09:30:00'),
(8, 3, 2108.07, 2351.88, '限时折扣', 1, 'https://mobile.yangkeduo.com/goods.html?goods_id=000000000000008', '2026-03-25 14:45:00'),
(8, 3, 2148.07, 2351.88, NULL, 1, 'https://mobile.yangkeduo.com/goods.html?goods_id=000000000000008', '2026-03-27 08:00:00'),
(8, 3, 2078.07, 2351.88, '满减优惠', 1, 'https://mobile.yangkeduo.com/goods.html?goods_id=000000000000008', '2026-03-29 13:00:00'),
(8, 3, 2178.07, 2351.88, '限时折扣', 1, 'https://mobile.yangkeduo.com/goods.html?goods_id=000000000000008', '2026-03-31 09:00:00'),
(8, 3, 2118.07, 2351.88, NULL, 1, 'https://mobile.yangkeduo.com/goods.html?goods_id=000000000000008', '2026-04-02 14:15:00'),
(8, 4, 2299.00, 2528.90, '满减优惠', 1, 'https://product.suning.com/007/000000000000008.html', '2026-03-11 08:00:00'),
(8, 4, 2249.00, 2528.90, '限时折扣', 1, 'https://product.suning.com/007/000000000000008.html', '2026-03-13 14:00:00'),
(8, 4, 2329.00, 2528.90, NULL, 1, 'https://product.suning.com/007/000000000000008.html', '2026-03-15 09:15:00'),
(8, 4, 2219.00, 2528.90, '满减优惠', 1, 'https://product.suning.com/007/000000000000008.html', '2026-03-17 13:30:00'),
(8, 4, 2319.00, 2528.90, '限时折扣', 1, 'https://product.suning.com/007/000000000000008.html', '2026-03-19 08:45:00'),
(8, 4, 2199.00, 2528.90, NULL, 1, 'https://product.suning.com/007/000000000000008.html', '2026-03-21 12:30:00'),
(8, 4, 2349.00, 2528.90, '满减优惠', 1, 'https://product.suning.com/007/000000000000008.html', '2026-03-23 09:30:00'),
(8, 4, 2269.00, 2528.90, '限时折扣', 1, 'https://product.suning.com/007/000000000000008.html', '2026-03-25 14:45:00'),
(8, 4, 2309.00, 2528.90, NULL, 1, 'https://product.suning.com/007/000000000000008.html', '2026-03-27 08:00:00'),
(8, 4, 2239.00, 2528.90, '满减优惠', 1, 'https://product.suning.com/007/000000000000008.html', '2026-03-29 13:00:00'),
(8, 4, 2339.00, 2528.90, '限时折扣', 1, 'https://product.suning.com/007/000000000000008.html', '2026-03-31 09:00:00'),
(8, 4, 2279.00, 2528.90, NULL, 1, 'https://product.suning.com/007/000000000000008.html', '2026-04-02 14:15:00'),
(9, 1, 4999.00, 5498.90, '满减优惠', 1, 'https://item.jd.com/000000000000009.html', '2026-03-11 08:00:00'),
(9, 1, 4949.00, 5498.90, '限时折扣', 1, 'https://item.jd.com/000000000000009.html', '2026-03-13 14:00:00'),
(9, 1, 5029.00, 5498.90, NULL, 1, 'https://item.jd.com/000000000000009.html', '2026-03-15 09:15:00'),
(9, 1, 4919.00, 5498.90, '满减优惠', 1, 'https://item.jd.com/000000000000009.html', '2026-03-17 13:30:00'),
(9, 1, 5019.00, 5498.90, '限时折扣', 1, 'https://item.jd.com/000000000000009.html', '2026-03-19 08:45:00'),
(9, 1, 4899.00, 5498.90, NULL, 1, 'https://item.jd.com/000000000000009.html', '2026-03-21 12:30:00'),
(9, 1, 5049.00, 5498.90, '满减优惠', 1, 'https://item.jd.com/000000000000009.html', '2026-03-23 09:30:00'),
(9, 1, 4969.00, 5498.90, '限时折扣', 1, 'https://item.jd.com/000000000000009.html', '2026-03-25 14:45:00'),
(9, 1, 5009.00, 5498.90, NULL, 1, 'https://item.jd.com/000000000000009.html', '2026-03-27 08:00:00'),
(9, 1, 4939.00, 5498.90, '满减优惠', 1, 'https://item.jd.com/000000000000009.html', '2026-03-29 13:00:00'),
(9, 1, 5039.00, 5498.90, '限时折扣', 1, 'https://item.jd.com/000000000000009.html', '2026-03-31 09:00:00'),
(9, 1, 4979.00, 5498.90, NULL, 1, 'https://item.jd.com/000000000000009.html', '2026-04-02 14:15:00'),
(9, 2, 4899.02, 5388.92, '满减优惠', 1, 'https://detail.tmall.com/item.htm?id=000000000000009', '2026-03-11 08:00:00'),
(9, 2, 4849.02, 5388.92, '限时折扣', 1, 'https://detail.tmall.com/item.htm?id=000000000000009', '2026-03-13 14:00:00'),
(9, 2, 4929.02, 5388.92, NULL, 1, 'https://detail.tmall.com/item.htm?id=000000000000009', '2026-03-15 09:15:00'),
(9, 2, 4819.02, 5388.92, '满减优惠', 1, 'https://detail.tmall.com/item.htm?id=000000000000009', '2026-03-17 13:30:00'),
(9, 2, 4919.02, 5388.92, '限时折扣', 1, 'https://detail.tmall.com/item.htm?id=000000000000009', '2026-03-19 08:45:00'),
(9, 2, 4799.02, 5388.92, NULL, 1, 'https://detail.tmall.com/item.htm?id=000000000000009', '2026-03-21 12:30:00'),
(9, 2, 4949.02, 5388.92, '满减优惠', 1, 'https://detail.tmall.com/item.htm?id=000000000000009', '2026-03-23 09:30:00'),
(9, 2, 4869.02, 5388.92, '限时折扣', 1, 'https://detail.tmall.com/item.htm?id=000000000000009', '2026-03-25 14:45:00'),
(9, 2, 4909.02, 5388.92, NULL, 1, 'https://detail.tmall.com/item.htm?id=000000000000009', '2026-03-27 08:00:00'),
(9, 2, 4839.02, 5388.92, '满减优惠', 1, 'https://detail.tmall.com/item.htm?id=000000000000009', '2026-03-29 13:00:00'),
(9, 2, 4939.02, 5388.92, '限时折扣', 1, 'https://detail.tmall.com/item.htm?id=000000000000009', '2026-03-31 09:00:00'),
(9, 2, 4879.02, 5388.92, NULL, 1, 'https://detail.tmall.com/item.htm?id=000000000000009', '2026-04-02 14:15:00'),
(9, 3, 4699.06, 5168.97, '满减优惠', 1, 'https://mobile.yangkeduo.com/goods.html?goods_id=000000000000009', '2026-03-11 08:00:00'),
(9, 3, 4649.06, 5168.97, '限时折扣', 1, 'https://mobile.yangkeduo.com/goods.html?goods_id=000000000000009', '2026-03-13 14:00:00'),
(9, 3, 4729.06, 5168.97, NULL, 1, 'https://mobile.yangkeduo.com/goods.html?goods_id=000000000000009', '2026-03-15 09:15:00'),
(9, 3, 4619.06, 5168.97, '满减优惠', 1, 'https://mobile.yangkeduo.com/goods.html?goods_id=000000000000009', '2026-03-17 13:30:00'),
(9, 3, 4719.06, 5168.97, '限时折扣', 1, 'https://mobile.yangkeduo.com/goods.html?goods_id=000000000000009', '2026-03-19 08:45:00'),
(9, 3, 4599.06, 5168.97, NULL, 1, 'https://mobile.yangkeduo.com/goods.html?goods_id=000000000000009', '2026-03-21 12:30:00'),
(9, 3, 4749.06, 5168.97, '满减优惠', 1, 'https://mobile.yangkeduo.com/goods.html?goods_id=000000000000009', '2026-03-23 09:30:00'),
(9, 3, 4669.06, 5168.97, '限时折扣', 1, 'https://mobile.yangkeduo.com/goods.html?goods_id=000000000000009', '2026-03-25 14:45:00'),
(9, 3, 4709.06, 5168.97, NULL, 1, 'https://mobile.yangkeduo.com/goods.html?goods_id=000000000000009', '2026-03-27 08:00:00'),
(9, 3, 4639.06, 5168.97, '满减优惠', 1, 'https://mobile.yangkeduo.com/goods.html?goods_id=000000000000009', '2026-03-29 13:00:00'),
(9, 3, 4739.06, 5168.97, '限时折扣', 1, 'https://mobile.yangkeduo.com/goods.html?goods_id=000000000000009', '2026-03-31 09:00:00'),
(9, 3, 4679.06, 5168.97, NULL, 1, 'https://mobile.yangkeduo.com/goods.html?goods_id=000000000000009', '2026-04-02 14:15:00'),
(9, 4, 5098.98, 5608.88, '满减优惠', 1, 'https://product.suning.com/007/000000000000009.html', '2026-03-11 08:00:00'),
(9, 4, 5048.98, 5608.88, '限时折扣', 1, 'https://product.suning.com/007/000000000000009.html', '2026-03-13 14:00:00'),
(9, 4, 5128.98, 5608.88, NULL, 1, 'https://product.suning.com/007/000000000000009.html', '2026-03-15 09:15:00'),
(9, 4, 5018.98, 5608.88, '满减优惠', 1, 'https://product.suning.com/007/000000000000009.html', '2026-03-17 13:30:00'),
(9, 4, 5118.98, 5608.88, '限时折扣', 1, 'https://product.suning.com/007/000000000000009.html', '2026-03-19 08:45:00'),
(9, 4, 4998.98, 5608.88, NULL, 1, 'https://product.suning.com/007/000000000000009.html', '2026-03-21 12:30:00'),
(9, 4, 5148.98, 5608.88, '满减优惠', 1, 'https://product.suning.com/007/000000000000009.html', '2026-03-23 09:30:00'),
(9, 4, 5068.98, 5608.88, '限时折扣', 1, 'https://product.suning.com/007/000000000000009.html', '2026-03-25 14:45:00'),
(9, 4, 5108.98, 5608.88, NULL, 1, 'https://product.suning.com/007/000000000000009.html', '2026-03-27 08:00:00'),
(9, 4, 5038.98, 5608.88, '满减优惠', 1, 'https://product.suning.com/007/000000000000009.html', '2026-03-29 13:00:00'),
(9, 4, 5138.98, 5608.88, '限时折扣', 1, 'https://product.suning.com/007/000000000000009.html', '2026-03-31 09:00:00'),
(9, 4, 5078.98, 5608.88, NULL, 1, 'https://product.suning.com/007/000000000000009.html', '2026-04-02 14:15:00'),
(10, 1, 6499.00, 7148.90, '满减优惠', 1, 'https://item.jd.com/000000000000010.html', '2026-03-11 08:00:00'),
(10, 1, 6449.00, 7148.90, '限时折扣', 1, 'https://item.jd.com/000000000000010.html', '2026-03-13 14:00:00'),
(10, 1, 6529.00, 7148.90, NULL, 1, 'https://item.jd.com/000000000000010.html', '2026-03-15 09:15:00'),
(10, 1, 6419.00, 7148.90, '满减优惠', 1, 'https://item.jd.com/000000000000010.html', '2026-03-17 13:30:00'),
(10, 1, 6519.00, 7148.90, '限时折扣', 1, 'https://item.jd.com/000000000000010.html', '2026-03-19 08:45:00'),
(10, 1, 6399.00, 7148.90, NULL, 1, 'https://item.jd.com/000000000000010.html', '2026-03-21 12:30:00'),
(10, 1, 6549.00, 7148.90, '满减优惠', 1, 'https://item.jd.com/000000000000010.html', '2026-03-23 09:30:00'),
(10, 1, 6469.00, 7148.90, '限时折扣', 1, 'https://item.jd.com/000000000000010.html', '2026-03-25 14:45:00'),
(10, 1, 6509.00, 7148.90, NULL, 1, 'https://item.jd.com/000000000000010.html', '2026-03-27 08:00:00'),
(10, 1, 6439.00, 7148.90, '满减优惠', 1, 'https://item.jd.com/000000000000010.html', '2026-03-29 13:00:00'),
(10, 1, 6539.00, 7148.90, '限时折扣', 1, 'https://item.jd.com/000000000000010.html', '2026-03-31 09:00:00'),
(10, 1, 6479.00, 7148.90, NULL, 1, 'https://item.jd.com/000000000000010.html', '2026-04-02 14:15:00'),
(10, 2, 6304.03, 6934.43, '满减优惠', 1, 'https://detail.tmall.com/item.htm?id=000000000000010', '2026-03-11 08:00:00'),
(10, 2, 6254.03, 6934.43, '限时折扣', 1, 'https://detail.tmall.com/item.htm?id=000000000000010', '2026-03-13 14:00:00'),
(10, 2, 6334.03, 6934.43, NULL, 1, 'https://detail.tmall.com/item.htm?id=000000000000010', '2026-03-15 09:15:00'),
(10, 2, 6224.03, 6934.43, '满减优惠', 1, 'https://detail.tmall.com/item.htm?id=000000000000010', '2026-03-17 13:30:00'),
(10, 2, 6324.03, 6934.43, '限时折扣', 1, 'https://detail.tmall.com/item.htm?id=000000000000010', '2026-03-19 08:45:00'),
(10, 2, 6204.03, 6934.43, NULL, 1, 'https://detail.tmall.com/item.htm?id=000000000000010', '2026-03-21 12:30:00'),
(10, 2, 6354.03, 6934.43, '满减优惠', 1, 'https://detail.tmall.com/item.htm?id=000000000000010', '2026-03-23 09:30:00'),
(10, 2, 6274.03, 6934.43, '限时折扣', 1, 'https://detail.tmall.com/item.htm?id=000000000000010', '2026-03-25 14:45:00'),
(10, 2, 6314.03, 6934.43, NULL, 1, 'https://detail.tmall.com/item.htm?id=000000000000010', '2026-03-27 08:00:00'),
(10, 2, 6244.03, 6934.43, '满减优惠', 1, 'https://detail.tmall.com/item.htm?id=000000000000010', '2026-03-29 13:00:00'),
(10, 2, 6344.03, 6934.43, '限时折扣', 1, 'https://detail.tmall.com/item.htm?id=000000000000010', '2026-03-31 09:00:00'),
(10, 2, 6284.03, 6934.43, NULL, 1, 'https://detail.tmall.com/item.htm?id=000000000000010', '2026-04-02 14:15:00'),
(10, 3, 6174.05, 6791.46, '满减优惠', 1, 'https://mobile.yangkeduo.com/goods.html?goods_id=000000000000010', '2026-03-11 08:00:00'),
(10, 3, 6124.05, 6791.46, '限时折扣', 1, 'https://mobile.yangkeduo.com/goods.html?goods_id=000000000000010', '2026-03-13 14:00:00'),
(10, 3, 6204.05, 6791.46, NULL, 1, 'https://mobile.yangkeduo.com/goods.html?goods_id=000000000000010', '2026-03-15 09:15:00'),
(10, 3, 6094.05, 6791.46, '满减优惠', 1, 'https://mobile.yangkeduo.com/goods.html?goods_id=000000000000010', '2026-03-17 13:30:00'),
(10, 3, 6194.05, 6791.46, '限时折扣', 1, 'https://mobile.yangkeduo.com/goods.html?goods_id=000000000000010', '2026-03-19 08:45:00'),
(10, 3, 6074.05, 6791.46, NULL, 1, 'https://mobile.yangkeduo.com/goods.html?goods_id=000000000000010', '2026-03-21 12:30:00'),
(10, 3, 6224.05, 6791.46, '满减优惠', 1, 'https://mobile.yangkeduo.com/goods.html?goods_id=000000000000010', '2026-03-23 09:30:00'),
(10, 3, 6144.05, 6791.46, '限时折扣', 1, 'https://mobile.yangkeduo.com/goods.html?goods_id=000000000000010', '2026-03-25 14:45:00'),
(10, 3, 6184.05, 6791.46, NULL, 1, 'https://mobile.yangkeduo.com/goods.html?goods_id=000000000000010', '2026-03-27 08:00:00'),
(10, 3, 6114.05, 6791.46, '满减优惠', 1, 'https://mobile.yangkeduo.com/goods.html?goods_id=000000000000010', '2026-03-29 13:00:00'),
(10, 3, 6214.05, 6791.46, '限时折扣', 1, 'https://mobile.yangkeduo.com/goods.html?goods_id=000000000000010', '2026-03-31 09:00:00'),
(10, 3, 6154.05, 6791.46, NULL, 1, 'https://mobile.yangkeduo.com/goods.html?goods_id=000000000000010', '2026-04-02 14:15:00'),
(10, 4, 6563.99, 7220.39, '满减优惠', 1, 'https://product.suning.com/007/000000000000010.html', '2026-03-11 08:00:00'),
(10, 4, 6513.99, 7220.39, '限时折扣', 1, 'https://product.suning.com/007/000000000000010.html', '2026-03-13 14:00:00'),
(10, 4, 6593.99, 7220.39, NULL, 1, 'https://product.suning.com/007/000000000000010.html', '2026-03-15 09:15:00'),
(10, 4, 6483.99, 7220.39, '满减优惠', 1, 'https://product.suning.com/007/000000000000010.html', '2026-03-17 13:30:00'),
(10, 4, 6583.99, 7220.39, '限时折扣', 1, 'https://product.suning.com/007/000000000000010.html', '2026-03-19 08:45:00'),
(10, 4, 6463.99, 7220.39, NULL, 1, 'https://product.suning.com/007/000000000000010.html', '2026-03-21 12:30:00'),
(10, 4, 6613.99, 7220.39, '满减优惠', 1, 'https://product.suning.com/007/000000000000010.html', '2026-03-23 09:30:00'),
(10, 4, 6533.99, 7220.39, '限时折扣', 1, 'https://product.suning.com/007/000000000000010.html', '2026-03-25 14:45:00'),
(10, 4, 6573.99, 7220.39, NULL, 1, 'https://product.suning.com/007/000000000000010.html', '2026-03-27 08:00:00'),
(10, 4, 6503.99, 7220.39, '满减优惠', 1, 'https://product.suning.com/007/000000000000010.html', '2026-03-29 13:00:00'),
(10, 4, 6603.99, 7220.39, '限时折扣', 1, 'https://product.suning.com/007/000000000000010.html', '2026-03-31 09:00:00'),
(10, 4, 6543.99, 7220.39, NULL, 1, 'https://product.suning.com/007/000000000000010.html', '2026-04-02 14:15:00');

-- 价格历史记录共 480 条

-- ========================================
-- 6. 最新价格（10商品 x 4平台 = 40条）
-- ========================================
INSERT INTO t_price_latest (product_id, platform_id, price, original_price, discount_info, stock_status, url) VALUES
(1, 1, 6979.00, 7698.90, '当前最优价', 1, 'https://item.jd.com/000000000000001.html'),
(1, 2, 6839.02, 7698.90, '当前最优价', 1, 'https://detail.tmall.com/item.htm?id=000000000000001'),
(1, 3, 6629.05, 7698.90, '当前最优价', 1, 'https://mobile.yangkeduo.com/goods.html?goods_id=000000000000001'),
(1, 4, 7118.98, 7698.90, '当前最优价', 1, 'https://product.suning.com/007/000000000000001.html'),
(2, 1, 3979.00, 4398.90, '当前最优价', 1, 'https://item.jd.com/000000000000002.html'),
(2, 2, 3859.03, 4398.90, '当前最优价', 1, 'https://detail.tmall.com/item.htm?id=000000000000002'),
(2, 3, 3699.07, 4398.90, '当前最优价', 1, 'https://mobile.yangkeduo.com/goods.html?goods_id=000000000000002'),
(2, 4, 4018.99, 4398.90, '当前最优价', 1, 'https://product.suning.com/007/000000000000002.html'),
(3, 1, 1979.00, 2198.90, '当前最优价', 1, 'https://item.jd.com/000000000000003.html'),
(3, 2, 1959.01, 2198.90, '当前最优价', 1, 'https://detail.tmall.com/item.htm?id=000000000000003'),
(3, 3, 1899.04, 2198.90, '当前最优价', 1, 'https://mobile.yangkeduo.com/goods.html?goods_id=000000000000003'),
(3, 4, 1979.00, 2198.90, '当前最优价', 1, 'https://product.suning.com/007/000000000000003.html'),
(4, 1, 2979.00, 3298.90, '当前最优价', 1, 'https://item.jd.com/000000000000004.html'),
(4, 2, 2919.02, 3298.90, '当前最优价', 1, 'https://detail.tmall.com/item.htm?id=000000000000004'),
(4, 3, 2799.06, 3298.90, '当前最优价', 1, 'https://mobile.yangkeduo.com/goods.html?goods_id=000000000000004'),
(4, 4, 3008.99, 3298.90, '当前最优价', 1, 'https://product.suning.com/007/000000000000004.html'),
(5, 1, 1779.00, 1978.90, '当前最优价', 1, 'https://item.jd.com/000000000000005.html'),
(5, 2, 1761.01, 1978.90, '当前最优价', 1, 'https://detail.tmall.com/item.htm?id=000000000000005'),
(5, 3, 1689.05, 1978.90, '当前最优价', 1, 'https://mobile.yangkeduo.com/goods.html?goods_id=000000000000005'),
(5, 4, 1779.00, 1978.90, '当前最优价', 1, 'https://product.suning.com/007/000000000000005.html'),
(6, 1, 2479.00, 2748.90, '当前最优价', 1, 'https://item.jd.com/000000000000006.html'),
(6, 2, 2404.03, 2748.90, '当前最优价', 1, 'https://detail.tmall.com/item.htm?id=000000000000006'),
(6, 3, 2329.06, 2748.90, '当前最优价', 1, 'https://mobile.yangkeduo.com/goods.html?goods_id=000000000000006'),
(6, 4, 2528.98, 2748.90, '当前最优价', 1, 'https://product.suning.com/007/000000000000006.html'),
(7, 1, 4979.00, 5498.90, '当前最优价', 1, 'https://item.jd.com/000000000000007.html'),
(7, 2, 4879.02, 5498.90, '当前最优价', 1, 'https://detail.tmall.com/item.htm?id=000000000000007'),
(7, 3, 4729.05, 5498.90, '当前最优价', 1, 'https://mobile.yangkeduo.com/goods.html?goods_id=000000000000007'),
(7, 4, 5028.99, 5498.90, '当前最优价', 1, 'https://product.suning.com/007/000000000000007.html'),
(8, 1, 2279.00, 2528.90, '当前最优价', 1, 'https://item.jd.com/000000000000008.html'),
(8, 2, 2256.01, 2528.90, '当前最优价', 1, 'https://detail.tmall.com/item.htm?id=000000000000008'),
(8, 3, 2118.07, 2528.90, '当前最优价', 1, 'https://mobile.yangkeduo.com/goods.html?goods_id=000000000000008'),
(8, 4, 2279.00, 2528.90, '当前最优价', 1, 'https://product.suning.com/007/000000000000008.html'),
(9, 1, 4979.00, 5498.90, '当前最优价', 1, 'https://item.jd.com/000000000000009.html'),
(9, 2, 4879.02, 5498.90, '当前最优价', 1, 'https://detail.tmall.com/item.htm?id=000000000000009'),
(9, 3, 4679.06, 5498.90, '当前最优价', 1, 'https://mobile.yangkeduo.com/goods.html?goods_id=000000000000009'),
(9, 4, 5078.98, 5498.90, '当前最优价', 1, 'https://product.suning.com/007/000000000000009.html'),
(10, 1, 6479.00, 7148.90, '当前最优价', 1, 'https://item.jd.com/000000000000010.html'),
(10, 2, 6284.03, 7148.90, '当前最优价', 1, 'https://detail.tmall.com/item.htm?id=000000000000010'),
(10, 3, 6154.05, 7148.90, '当前最优价', 1, 'https://mobile.yangkeduo.com/goods.html?goods_id=000000000000010'),
(10, 4, 6543.99, 7148.90, '当前最优价', 1, 'https://product.suning.com/007/000000000000010.html');

-- ========================================
-- 7. 初始用户数据（密码：admin123456 的BCrypt加密）
-- ========================================
INSERT INTO t_user (username, password, email, role, status) VALUES
('admin', '$2y$10$Z6RbJByXQi2Lnuwq2//CRe1vRsl0.NDxqMl4BcXWO/P/zOYzW0OAO', 'admin@priceradar.com', 'ADMIN', 1),
('testuser', '$2y$10$Z6RbJByXQi2Lnuwq2//CRe1vRsl0.NDxqMl4BcXWO/P/zOYzW0OAO', 'test@priceradar.com', 'USER', 1);

-- ========================================
-- 8. 系统配置（6条）
-- ========================================
INSERT INTO t_system_config (config_key, config_value, description) VALUES
('price_refresh_interval', '30', '价格刷新间隔（分钟）'),
('price_cache_ttl', '1800', '价格缓存有效期（秒）'),
('price_history_days', '30', '价格历史保留天数'),
('hot_product_limit', '10', '热门商品展示数量'),
('login_fail_max', '5', '最大登录失败次数'),
('login_lock_minutes', '15', '登录锁定时长（分钟）');
